"Date","SJR","SAC","YOLO","EXPORT"
1920-11-30,2607,NA,NA,999
1920-12-31,3368,NA,NA,999
1921-01-31,5103,NA,NA,999
1921-02-28,6793,NA,NA,999
1921-03-31,7290,NA,NA,999
1921-04-30,7511,NA,NA,999
1921-05-31,5980,NA,NA,999
1921-06-30,4099,NA,NA,999
1921-07-31,2616,NA,NA,999
1921-08-31,1829,NA,NA,999
1921-09-30,2213,NA,NA,999
1921-10-31,2470.86538364309,NA,NA,3313.77302208607
1921-11-30,1797.98317231447,13055.8940273895,5.04166586564867,9544.51968060072
1921-12-31,2551.31376820401,18060.4393710604,461.161813024453,11746.3691834351
1922-01-31,2475.22212268758,17720.913313252,417.327762400781,7281.2546130195
1922-02-28,10549.0399452704,43125.1892326638,5134.50576209014,10839.0662616009
1922-03-31,11190.5216241996,35159.0541248862,900.832019781491,9333.52864710684
1922-04-30,9519.58704178259,31926.1071424475,90.4206415065868,6543.60485737557
1922-05-31,9469.27149251007,41625.3413270979,68.5010062991746,8095.5291022119
1922-06-30,10135.9600375329,19328.2844231532,67.8024655579699,8929.06181383597
1922-07-31,3426.54462256591,17031.1460654628,48.1542868765232,8039.07938937733
1922-08-31,2404.46739601446,12978.136033425,54.8862124707162,6364.97465619662
1922-09-30,2454.0922449544,18619.4630030217,59.2749379206279,7675.95554990237
1922-10-31,2614.54466451376,12155.8804884221,14.5614320060724,5891.37187682498
1922-11-30,2180.01721432339,14696.2056206813,158.891215021106,11280
1922-12-31,5900.05029595611,33152.0093579939,3648.02064265008,8867.86871099441
1923-01-31,9704.44293342964,29616.5079458909,1425.04270629092,10200.7174704151
1923-02-28,6829.41949533866,19415.9005266362,173.158415373826,9317.15392049212
1923-03-31,4482.83874279542,13395.3603495639,83.3465081585187,5968.73221318789
1923-04-30,9442.77111877725,26309.4084203261,250.476926731088,5213.98664821758
1923-05-31,5643.30325054255,12594.5415448815,71.3424829593002,4505.07789014959
1923-06-30,2963.21215370194,10320.491886859,67.598679443875,4575.80979701947
1923-07-31,2095.83073963401,20844.4583191773,48.1542868765232,9585.1933946023
1923-08-31,1581.41580651955,14648.9340066361,54.5876506282567,9277.13633112217
1923-09-30,2672.84970244509,14192.8833501003,50.766026514325,11034.9275840711
1923-10-31,2873.9063265203,12030.3249217686,54.0401732156768,9868.96263589284
1923-11-30,2054.21120591664,9227.94793875389,4.8081573709077,6219.15477010707
1923-12-31,1798.57574537949,9920.41090381843,0,6526.47120422189
1924-01-31,1719.79105244414,12218.4842045634,15.4988347805209,6427.18600710374
1924-02-29,1895.9068359353,17866.2999746015,275.036875047986,6428.06376645506
1924-03-31,1290.93957062559,13067.2835247889,35.9199443830305,2459.26183546111
1924-04-30,1351.7526382611,8222.17838790872,138.955104681821,1649.64718896216
1924-05-31,1345.9137053935,7667.77478613876,77.8646375954139,2066.414475738
1924-06-30,976.954589114204,8281.65508335809,67.8024655579699,1100
1924-07-31,933.302116414125,8213.54934793205,48.1542868765232,1100
1924-08-31,1063.89018210478,7017.10340012863,54.8862124707162,1539.16664951857
1924-09-30,1460.38528117634,5390.12720771999,57.3029419172083,2176.15018634649
1924-10-31,1869.56210688862,7024.44149277809,4.18124591330174,4775.71582772274
1924-11-30,1588.97862148096,7141.45471626909,0,4355.27736557633
1924-12-31,1596.82226439257,12823.9982788502,482.230600583736,7352.83163681549
1925-01-31,1470.72147131281,12546.1367632911,44.607521145404,6495.6565480372
1925-02-28,2514.08635942798,54304.8462240369,22313.551550791,6446.130595303
1925-03-31,2401.51108911837,17354.3142880872,119.991014147234,4620.04478243138
1925-04-30,6167.56107198601,26222.0202418402,284.766782644063,5010.17304499895
1925-05-31,5027.89812421895,9795.70422059314,248.311086484921,3595.19933020652
1925-06-30,2239.21839764461,12038.7007494256,64.5418367023898,4395.86564566714
1925-07-31,1445.19194208832,12656.893974263,48.0572187106899,4636.73470759562
1925-08-31,1414.64175482806,8099.51868156702,54.5903898233503,3029.05276268283
1925-09-30,1831.73010158137,9811.94147797456,55.4344311213555,7153.58653101618
1925-10-31,2364.55631398781,8181.72041711491,61.320887532482,5533.22911870386
1925-11-30,1797.15658055479,8731.68428459206,0,5932.40463863505
1925-12-31,1693.57436655986,9484.1235887388,0,5591.12960156137
1926-01-31,1592.60725831782,17756.1509925902,545.15266439835,6409.61518733668
1926-02-28,1861.91747621942,39426.9354195855,9566.25434606909,5961.49997518412
1926-03-31,1762.47750440468,16161.0795403304,134.409137198965,4466.24663794833
1926-04-30,3849.61355076364,19805.913128061,3336.2928430746,4206.26185610088
1926-05-31,2327.89339469994,14502.7932605975,50.4104964410695,3250.26546901632
1926-06-30,1209.54901279042,11773.2073393901,67.08920556815,2057.73822324421
1926-07-31,1003.86521962642,15817.5373573773,48.1542868765232,6567.70204989828
1926-08-31,1134.38918338346,7522.96085622468,54.7382991617496,1539.18373313427
1926-09-30,1639.68889277989,8609.88328491303,59.2749379206279,5475.31779756548
1926-10-31,1934.90917648887,6770.8457592838,8.38680139296579,3753.9083209011
1926-11-30,2031.41970333499,20193.3584499309,1340.9909555329,11280
1926-12-31,1793.2362015254,22816.9840601068,1970.95275865294,6661.69718672206
1927-01-31,1816.54861476058,35846.0666070022,4162.75653726152,5831.73176487756
1927-02-28,3815.029679869,78665.9604942912,68772.2794633987,7190.00685769824
1927-03-31,3570.32191956395,44162.1807706124,4145.38815327748,5369.53666807112
1927-04-30,8064.08506106638,49384.2615492375,4204.72235205456,6323.06924652009
1927-05-31,4600.285521546,15157.8194618201,57.5988518177216,3895.736329086
1927-06-30,2353.41235407125,11951.0279729507,62.4048749257682,5126.75722882627
1927-07-31,1753.16181020482,23431.5662972879,48.1542868765232,6712.61351016392
1927-08-31,1712.53120301449,17075.7710378348,54.8862124707162,9764.11897790891
1927-09-30,3598.2857368112,19277.7694068983,59.2749379206279,10343.1256348915
1927-10-31,3652.94681529686,12136.5896993381,13.6741324381005,7064.26448492683
1927-11-30,2392.75623346286,13816.7233460111,112.236638601582,11280
1927-12-31,2652.9090988492,14629.6689993629,417.288983723884,11764.940372908
1928-01-31,2813.29512503862,23379.2278569067,1026.89736621191,7313.76059033532
1928-02-29,3171.6157283051,24800.5050957668,4088.75355282306,6500.32372680384
1928-03-31,6774.74839044403,73329.8013270584,26927.0631391974,6845.46087777679
1928-04-30,6195.62215867413,28452.3236841007,41.8929057985695,5392.78856677674
1928-05-31,2855.44782640538,13571.0954566517,60.944583691815,3276.77455507461
1928-06-30,1703.9117049835,13904.3876456169,67.8024655579699,3920.68014481882
1928-07-31,1417.08890023769,23667.622347642,48.1542868765232,7747.95064181021
1928-08-31,1456.4125417695,17886.1948428517,54.8862124707162,10491.5074059208
1928-09-30,1853.72190891902,12635.597263764,59.2749379206279,5022.42137665587
1928-10-31,2220.10892926028,11623.9157925261,59.9960195554053,2824.6273164937
1928-11-30,1833.06677730309,12748.7373794485,120.999996802595,9727.89709704152
1928-12-31,1679.68594188592,12521.8635864728,294.368285793365,9677.95027951037
1929-01-31,1587.13264159058,13236.3463585567,38.8210764500777,6420.36435310181
1929-02-28,1747.22651419328,19503.4731013814,453.346495428827,6382.25391486748
1929-03-31,1685.44665166764,14347.3363605561,35.5675676158864,4435.48898158247
1929-04-30,1990.77766237197,9558.83997106962,87.1603645745471,1634.78559304088
1929-05-31,1757.23175907041,10715.3656779863,75.0489248144434,2845.84125728229
1929-06-30,1301.34475510727,10340.7485504024,56.84594929261,1159.97366193443
1929-07-31,1072.05645024363,8791.3097054941,48.1542868765232,1249.93415483606
1929-08-31,1180.33633638592,6812.22378316257,54.8862124707162,1538.58017443963
1929-09-30,1675.61543288213,5988.83316758072,59.2749379206279,2930.39063058518
1929-10-31,1946.7175971235,7702.51285171367,61.7584615852988,3177.66020429234
1929-11-30,1655.08227536801,5683.35391833321,9.80736714660348,2989.00311820083
1929-12-31,1334.5817080441,18368.7883498608,913.385611580419,6386.19214837132
1930-01-31,1460.26264691568,26389.1845245736,666.27312522025,5902.29683507513
1930-02-28,1760.27804290666,22130.3783489606,602.472082522632,5912.40093717603
1930-03-31,1906.96664371437,30221.9515455566,3531.40595520451,4433.76824935636
1930-04-30,1762.27285067497,12526.4963049918,166.886138478011,2332.1721771451
1930-05-31,1792.21883791263,10443.9165601286,58.4233206271311,2942.14574438493
1930-06-30,1125.559530139,14868.7872517567,67.8024655579699,4811.55675784333
1930-07-31,1113.71219606238,17605.7979862106,48.1542868765232,9293.19340995864
1930-08-31,1224.48504706376,8613.20436752677,54.8862124707162,3130.71244242941
1930-09-30,1727.77927232606,8586.71188205578,54.6007841209304,5929.8281841907
1930-10-31,1976.82364042528,7360.6159967574,36.6102127918079,4306.58870867706
1930-11-30,1675.70742781056,8735.58282363352,35.2916650660063,5237.4469287499
1930-12-31,1420.84134689918,8465.65700983467,0,3541.72670759351
1931-01-31,1478.21504333588,13793.409807575,286.831173833154,6348.66956151625
1931-02-28,1603.4469414976,14750.7489635613,16.3996384136953,5640.39052904509
1931-03-31,1170.69225991602,9468.80435710811,48.6054290788068,2340.61536783672
1931-04-30,1059.64232364957,11130.8539311164,138.679497318972,1573.07443425127
1931-05-31,1062.85034088969,7422.07999291602,69.2592238473898,1944.47724461134
1931-06-30,995.912306143019,7940.79273550235,62.5548881767703,1100
1931-07-31,1010.19624479933,8974.7214048469,48.1542868765232,1140.38520406142
1931-08-31,1075.45704752076,7061.74898977618,54.8862124707162,1569.93602839607
1931-09-30,1483.16568066986,5370.2994559802,59.2749379206279,2169.90819597658
1931-10-31,1842.79262210922,5283.99151616781,45.8600013989402,2826.06458292658
1931-11-30,1420.25938052247,12451.2289742167,87.2439694378453,2187.58287614982
1931-12-31,2480.41309340915,19457.6157898643,3011.65115326959,7006.74916939932
1932-01-31,1991.40917552839,25076.1900577443,1122.80526763798,6190.34717335768
1932-02-29,6224.18564892848,24118.4357360398,164.441954673353,8566.82246949394
1932-03-31,3212.72527183119,12803.1137097367,13.839425714411,2583.78251007089
1932-04-30,6436.56171698688,11143.553155299,94.5951453769056,3816.5857130408
1932-05-31,4475.5802824306,13502.9591069639,72.7521847479455,3869.8737104702
1932-06-30,2154.8192384546,16432.3124441534,67.8024655579699,5181.72814721676
1932-07-31,1946.6269196237,8400.8094614112,48.1542868765231,1241.25287732013
1932-08-31,1583.44093572375,7427.40626073723,54.8862124707162,2169.18885282592
1932-09-30,1961.89240490648,9610.92598567998,59.2749379206279,6638.62281777833
1932-10-31,2604.65367119532,6616.73618787732,63.3021211312837,4284.55117311777
1932-11-30,1861.63149043107,7597.33100904072,35.5167697356183,4170.96882495718
1932-12-31,1527.61050379487,10089.850646882,107.338715888526,5278.09126755662
1933-01-31,2071.21734662427,15697.9580014743,489.649370833025,6852.84015187102
1933-02-28,2019.86141897642,16322.8439976048,79.498231838464,6521.4600543792
1933-03-31,1956.92080202101,14804.0075779621,19.2086706257332,6002.44619179562
1933-04-30,2858.25840702289,13043.9997560236,102.789538761559,2094.54421580355
1933-05-31,2283.29368492726,9729.99082454351,68.0998142715338,2594.40868694571
1933-06-30,1515.26692453919,10912.6509680459,67.8024655579699,1100
1933-07-31,1231.06935352293,8618.36902892863,48.1542868765232,1100
1933-08-31,1347.46944278816,6836.7584509073,54.8862124707162,1603.53224286273
1933-09-30,1818.08057136685,6332.97824460328,58.964478391341,3489.86044877095
1933-10-31,2262.46742178302,5490.67461515175,26.2300247547096,2679.4248500078
1933-11-30,1735.56740102019,5769.6972161408,9.6163147418154,3150.05566220179
1933-12-31,1791.55888594686,15385.1255700847,733.016843228155,8427.3194900475
1934-01-31,1756.86480838792,20445.6538859735,628.243697500055,4991.04758981292
1934-02-28,1987.35342000071,19284.4246632094,514.295285248462,6076.37214660437
1934-03-31,1534.05180497525,13863.3992462865,59.326098221777,5422.454214614
1934-04-30,1030.27379422346,12885.4189039292,119.534597334113,1571.99443873201
1934-05-31,1029.0849917597,10661.7565762708,76.0647904912435,2003.91600214598
1934-06-30,1092.67327783609,11088.0200647327,63.1124782717467,1100
1934-07-31,931.057158771524,8567.14594319078,48.1542868765232,1100.79686260519
1934-08-31,1053.18292645231,7123.8320881585,54.7382991617496,1930.41521857782
1934-09-30,1458.41328343241,6408.63954554414,58.964478391341,3253.50930413829
1934-10-31,1884.98087851319,5209.34579352352,36.1726387389912,699.66808944572
1934-11-30,1591.76553312133,11616.3515810476,156.291653855379,8970.93255777801
1934-12-31,1623.86621120709,10143.8174015801,215.313216954597,4562.08743599646
1935-01-31,2321.06895223641,29277.8943861528,5500.80636766054,5400.58918717711
1935-02-28,2111.81398332486,16616.9899944581,171.265921261766,1749.22610697923
1935-03-31,2927.85930633639,27920.2441253139,1393.37265725055,5151.23432450787
1935-04-30,9135.4243728867,46926.0616960557,5330.41092245297,7397.82249690618
1935-05-31,7133.71083152623,19058.9355681374,53.1967692190475,4807.08164466476
1935-06-30,2574.15264308578,14010.9196442635,67.8024655579699,5351.71033898067
1935-07-31,1899.09883188535,19551.0859544566,48.1542868765232,9164.00727356217
1935-08-31,2136.41072283163,14128.757864814,54.8862124707162,8818.67106683143
1935-09-30,2306.4037927273,13129.6785822675,59.2749379206279,10127.5102513464
1935-10-31,2748.75151868247,8396.67206101221,40.3691607190875,6526.10759393174
1935-11-30,2003.49147996181,9098.97504436161,20.1666634625947,6482.75557488657
1935-12-31,1846.54927119205,10630.2676266273,62.5313487400061,7103.65110931796
1936-01-31,2896.01101292713,39430.974317646,5194.88287159355,5550.38588997728
1936-02-29,16387.3497855188,66539.4410518774,13954.2256579594,13683.2340634554
1936-03-31,7506.31224266136,29994.8338983575,400.521900494176,7315.81983212817
1936-04-30,11902.2400160421,23727.6151122328,445.091810875149,5078.2203414557
1936-05-31,5119.70195387936,11042.0614996128,62.5972057711093,3418.38635945335
1936-06-30,2677.26567047703,12640.8771680037,60.7717301245977,5543.4083340794
1936-07-31,1747.9885532186,21552.8515973492,48.1542868765232,9578.07997989936
1936-08-31,1577.33601601003,14919.6265540098,54.8862124707162,8961.50976013388
1936-09-30,2209.27689185193,14479.2407530151,56.5785334840423,10971.4010909984
1936-10-31,2863.28092581914,7577.16492387789,52.9462426261348,5514.47331379679
1936-11-30,1953.05571994401,9078.84007219649,9.6163147418154,4529.14662412415
1936-12-31,2291.4519903965,11722.3863030857,145.362642303691,9531.43894494878
1937-01-31,3482.37384046221,14133.6180094013,229.717633088839,7511.31414515757
1937-02-28,18466.4879903379,35870.7917065863,7450.65657665628,14063.6
1937-03-31,12213.8219179858,36984.9460523503,5169.77349094328,10217.1895069913
1937-04-30,12545.8612536751,25856.807289886,115.897873883279,5931.18763246155
1937-05-31,13051.7575303972,14556.5195085145,68.9021986602809,9464.4843246912
1937-06-30,3665.03441538047,11632.0365743281,65.1956630823561,2365.44130515654
1937-07-31,1821.26184534983,13891.873443531,48.0572187106899,4291.65037254433
1937-08-31,1747.95074041918,14553.1695408008,54.8862124707162,8753.89571721363
1937-09-30,2412.94073257773,9607.72474259568,59.2749379206279,7145.20877397741
1937-10-31,2668.28027873702,9352.41583167543,43.9030818745878,7186.40006513071
1937-11-30,2170.0135479579,26367.889863387,1999.89679620857,11280
1937-12-31,7976.83560494258,60087.7341564077,12804.0397208314,9732.34631588406
1938-01-31,9190.31143959457,30954.8434995349,2278.42800894674,9693.6423691057
1938-02-28,27469.180749626,76965.7467238535,71171.1843247087,11036.971078272
1938-03-31,35395.0018169965,75239.3826424283,89943.5630285573,8741.42122726323
1938-04-30,22555.5952308651,58414.7869405968,7365.59192516763,9574.11083858996
1938-05-31,27961.2627679945,38388.0256215936,57.2344663797654,10621.0805608929
1938-06-30,15294.616718903,21343.0831807156,348.751056109484,11138.9627035281
1938-07-31,5157.10441785835,16321.9758537082,48.1542868765232,8951.35037165833
1938-08-31,2651.83220946236,16783.4792260757,54.8862124707162,9859.84993359655
1938-09-30,3669.69666705649,19192.6917747019,55.9518649723624,9846.17358526857
1938-10-31,3308.94108437696,13819.9065320793,38.1660225612677,8348.59748846183
1938-11-30,2651.82457262311,13746.6101834904,49.2158652679697,11280
1938-12-31,2184.33078845611,14890.0687254128,103.259777396495,11439.5276789042
1939-01-31,2492.3828494966,10812.5557570571,145.616894758253,5548.23378063813
1939-02-28,3090.91927699068,14378.2392058029,62.432489943544,7079.36224923165
1939-03-31,3621.05450388968,11535.0225115123,120.621719678642,5316.49613314816
1939-04-30,2834.51190927771,12883.4071011937,150.140892514516,3340.37029075547
1939-05-31,1881.36914062363,13256.965422416,76.7972434933727,3103.0972787452
1939-06-30,1215.8180241727,12435.3347281788,67.8024655579699,1359.97101005097
1939-07-31,1075.3274299875,10822.634459927,48.1542868765231,1460.66087836873
1939-08-31,1207.36084255503,7965.89125100768,54.8862124707162,2100.681427689
1939-09-30,1781.72031086526,8101.72037211108,57.0959673350492,4931.26849262197
1939-10-31,2003.55870915889,8216.61887973615,50.2964978622847,5082.40110576195
1939-11-30,1710.27174550768,6846.12015195397,8.66105169615213,3223.70916222126
1939-12-31,1559.55183529507,8825.93767001305,24.6196680864634,4306.24012741019
1940-01-31,3070.33772190628,30842.2487443654,6652.0427725766,5980.26182223221
1940-02-29,5560.17575723483,59555.792319398,14557.2891289614,8509.19988471024
1940-03-31,14426.5663723464,69942.2857348215,43993.8197543965,10967.7799669928
1940-04-30,11941.7776828052,56312.2371979892,10035.7876084573,9266.08768595347
1940-05-31,5201.38587022146,12264.8664753621,52.6557080823262,3968.00569717437
1940-06-30,2383.47946147374,13185.2260032752,67.8024655579699,5195.11715771231
1940-07-31,1718.36637863682,22257.3575055628,48.1542868765231,5084.68975926551
1940-08-31,1543.2431585725,17609.6899199701,54.8862124707162,10261.2760546844
1940-09-30,1992.82597727171,20436.6979765297,58.0273503503742,10455.9488273017
1940-10-31,2516.70896569043,9220.60445101777,37.2665693285332,2130.43771655887
1940-11-30,1920.92395310808,13044.9741911675,2.73160303531327,10392.6918539213
1940-12-31,4232.74381451428,30899.4448131701,7236.89815844291,7933.50574157279
1941-01-31,5089.14960025449,65425.4530691242,40506.7414428836,8034.49316537097
1941-02-28,18805.3749538713,68599.9066585912,57990.5500436005,14063.6
1941-03-31,14252.7009193897,62728.3696637451,25008.9054782795,10921.7190459264
1941-04-30,13277.7174308762,52333.552731487,18146.6600549561,9783.38536177923
1941-05-31,13694.0278476952,25575.2274111116,355.422404193343,7477.73850470062
1941-06-30,7694.14749554385,9594.22371092173,63.1181390185077,6361.00771575605
1941-07-31,3713.78070322744,19930.9617569539,48.1542868765232,9809.39273629662
1941-08-31,2550.61428600008,15435.2964519753,54.8862124707162,9106.63851855761
1941-09-30,2472.38819984306,20316.2739558832,59.2749379206279,9199.50234551016
1941-10-31,2909.42333468213,11121.163478443,20.0553957934211,5590.91263881545
1941-11-30,2623.99086865771,13612.0434344136,36.9722190192613,11280
1941-12-31,5481.85694937903,44640.0585909945,11715.5099976388,8627.24762929531
1942-01-31,12301.7754236321,62536.9502524624,23684.4908530396,11847.2236500424
1942-02-28,11780.5307322317,70771.9311487127,81412.4723464335,10989.4245666427
1942-03-31,8028.23579454236,23759.2453292325,3092.09849777589,7597.74175545702
1942-04-30,12141.7639292323,41240.9376862109,4458.1912244188,9202.98596396489
1942-05-31,9269.60105360535,23652.7893515866,277.643131189357,6014.86333119925
1942-06-30,6647.87717735425,11720.0371128053,66.2259323273279,6906.33574143891
1942-07-31,4684.59188603732,18549.9779547427,48.1542868765232,10516.8926144629
1942-08-31,2711.66970338568,16282.9752322861,54.8862124707162,9648.51657035587
1942-09-30,3977.48090085119,19598.106780864,58.5447844618202,10270.4028748418
1942-10-31,2882.88687777067,11778.7922858997,42.347272105128,6603.99829774991
1942-11-30,3062.96495549011,13215.5522751939,50.9091089097005,11280
1942-12-31,4448.22446070377,28205.8757977671,1184.47223137885,8067.94400045465
1943-01-31,17368.9932640551,66320.8252313728,19161.6240711747,14349.8
1943-02-28,11867.4774836726,50684.1234195801,9908.48377838543,11168.3072810968
1943-03-31,23863.4709114662,59894.0786447453,17106.9032720868,11902.1829096552
1943-04-30,12514.3810207967,22956.3251867344,557.877229568271,4686.93744963372
1943-05-31,5617.2827605457,12246.8901648185,63.8559970740067,3461.45377845824
1943-06-30,3106.70184244738,10345.0286862813,67.2448798223455,4686.90013764926
1943-07-31,1783.65601165628,15379.8192894769,48.1542868765232,1483.20323721916
1943-08-31,1659.92788152787,17156.5454034159,54.8862124707162,9670.45267665171
1943-09-30,1997.06463003799,21613.7179845487,59.2749379206279,10790.3367474543
1943-10-31,2733.04747604221,11885.4745039886,51.8280025046434,5873.61990811156
1943-11-30,2026.28588831838,14782.2271791017,6.96209609407953,11280
1943-12-31,1986.32882810003,12640.095288106,54.4042858979218,9635.81305530843
1944-01-31,2203.81318850777,13815.9096317055,277.049049644533,6968.02588788187
1944-02-29,3600.90293677643,27248.0088057918,1683.99968706834,7023.57787815474
1944-03-31,3635.56338359405,21191.5527689053,802.796508239753,5316.68743173618
1944-04-30,5623.30808162735,9051.54289538799,197.969726170692,2288.49584627538
1944-05-31,3149.30197039031,9953.29737626757,58.4343626707296,3912.8626392337
1944-06-30,2138.07917734361,15338.6051915551,64.9097883190378,5333.19711560368
1944-07-31,1449.82310537552,16505.1922269948,48.1542868765232,7677.87210135338
1944-08-31,1476.94979634875,9395.32427012553,54.8862124707162,3573.67802325027
1944-09-30,1810.66537919067,9007.14959022231,59.2749379206279,5686.88624155484
1944-10-31,2421.9227891316,8361.03112351578,23.811223916841,5811.15058765032
1944-11-30,2079.75900849447,12674.2928317406,23.3975026005108,10110.8987867898
1944-12-31,2501.98346191722,17654.0641492837,295.360338861105,7044.70526830413
1945-01-31,2409.88940449918,14218.9627496991,60.1351741257588,7101.57666541551
1945-02-28,12065.0964836565,47023.474292635,7237.83462795944,11293.1391189943
1945-03-31,8510.89748264664,21384.2926316572,558.295161065658,8089.89472955005
1945-04-30,8793.08870607607,14323.8895779626,388.38339536046,5071.06539134062
1945-05-31,5754.09736773232,10934.7452430135,59.67106988643,4578.00153015284
1945-06-30,2403.07501362095,14238.4489966419,67.6015096890392,5281.52292698929
1945-07-31,2123.60609634746,20828.7665413779,48.1542868765232,9975.50670570718
1945-08-31,1997.93143300008,10569.7878719235,54.8862124707162,5353.04634853519
1945-09-30,2427.32400384182,9693.48946091,59.2749379206279,7079.07422946708
1945-10-31,3196.67251273172,9241.59390741303,0,8037.84980313621
1945-11-30,2636.71807254467,12646.6286694322,0,10917.6382097103
1945-12-31,6969.50252166597,55976.7673525866,25885.2027483165,9337.48318547619
1946-01-31,6724.43376750004,45253.7324841101,6232.02580391223,8353.97842664867
1946-02-28,4678.42986882744,19444.3073979932,142.072742491917,7356.73707110442
1946-03-31,5436.54246282352,20651.3607847957,48.3997050958055,6252.28932068737
1946-04-30,8006.26088039642,16114.0064230776,95.4555955138714,5072.12704549218
1946-05-31,5603.55627281252,12208.6717441229,69.8959805833496,4709.02263181268
1946-06-30,2335.45057189761,13367.9656324871,67.8024655579699,5346.68781126363
1946-07-31,1501.87757370318,22322.0690302998,48.0572187106899,10245.1106942286
1946-08-31,1513.23401369434,14973.0723428471,54.8862124707162,9216.11392689974
1946-09-30,1898.049322526,12065.7708290475,58.3378098796611,9153.90481657048
1946-10-31,2334.53571816668,8965.79750929172,52.5086685733181,6374.12510849527
1946-11-30,2248.84139052368,10406.0547902595,0,8350.02625523768
1946-12-31,3095.09814747015,16276.1003572976,23.9781618681736,11761.9083292839
1947-01-31,2591.76506677481,10766.1002423431,23.4028519247066,6921.19527049797
1947-02-28,2786.0636003039,20670.3919696412,378.451848238272,6384.74670316166
1947-03-31,1576.68860453545,20543.5786132696,354.789339195235,4414.65978894592
1947-04-30,2544.78416500162,13297.1329959653,72.4050851054712,2252.72822474143
1947-05-31,1645.89545515616,11155.9687908963,66.3698935519985,2877.8002521213
1947-06-30,1298.63833148696,15487.4800398644,62.6596118636307,4900.24160999934
1947-07-31,942.360551870865,12768.9711801577,48.1542868765232,3897.26682876804
1947-08-31,1104.36168831046,8516.80954803539,54.3931732361436,2760.56417171696
1947-09-30,1580.87144434048,9454.0112477332,59.2749379206279,5921.80397278224
1947-10-31,1890.61449750702,9420.52891759961,0,6615.89398713667
1947-11-30,1696.12693648945,9967.74106555194,0.191052613264621,6726.54636781373
1947-12-31,1544.12673699926,10525.9768690591,19.5161259315209,6863.31180604614
1948-01-31,1425.89101385319,14438.9895697821,178.549819863704,4783.15293134558
1948-02-29,1505.34455509077,15487.8701947907,161.001679966584,5844.03938540287
1948-03-31,1592.84006959248,16638.6274466167,111.771112682285,4439.49033033701
1948-04-30,3471.72496145028,30134.1448682884,886.343958207937,3892.35635477989
1948-05-31,2506.78855324289,31325.0190520733,39.9978746710967,2984.16212249149
1948-06-30,2153.18470669413,12910.89819834,57.3157979410087,5331.74690484989
1948-07-31,1635.42382822963,21357.0623582036,48.1542868765232,10297.3652248722
1948-08-31,1438.79229860587,16410.8409549149,54.8862124707162,9833.57988504597
1948-09-30,1745.78775258976,13130.4759940456,55.1239674250434,9754.42385471629
1948-10-31,2156.85575463256,11661.1392463688,29.791377517269,8886.80112539256
1948-11-30,1713.68600492392,10598.6449825261,4.8081573709077,7258.20141438853
1948-12-31,1552.8585059779,14145.2434489003,63.9229687202129,8813.67368007772
1949-01-31,1487.79276264829,11705.3638233584,458.335399999354,6369.63208667897
1949-02-28,1804.15705234962,17515.850633521,291.40789458306,6736.27152440607
1949-03-31,2468.94113991436,47927.5112231012,8235.67101367061,4846.80708587786
1949-04-30,3158.55004540429,13566.9867614678,64.2510224185923,2967.82775897071
1949-05-31,2428.05388692793,13852.1740239502,67.9157783219215,3070.17078301932
1949-06-30,1791.07263284434,13931.3120425682,67.8024655579699,5060.5523843418
1949-07-31,1224.96262699386,15000.4208778758,48.0572187106899,5879.28780391821
1949-08-31,1350.69087249521,10239.1787781107,54.1959568970974,4870.19371135389
1949-09-30,1729.04988051808,10192.6785875272,59.2749379206279,7145.04617160843
1949-10-31,2075.1226782804,8077.47329564777,62.6457599144071,5139.86112037132
1949-11-30,1705.32539380153,8758.92890364985,0,5522.22994631525
1949-12-31,1604.60670198157,8871.97388075829,0,5384.22942623544
1950-01-31,1842.64214423372,24422.9450639785,648.884379720413,5194.2715710094
1950-02-28,2210.8162532202,40350.0756634686,5978.67923215757,6025.19990294122
1950-03-31,2103.47570363677,20070.8898658428,112.337733666438,4588.56623106912
1950-04-30,4699.08040878924,24877.9011334398,81.191028785816,4444.26305059109
1950-05-31,3214.87475490567,13466.3853261541,72.26633282882,3435.76417695057
1950-06-30,2422.0346374735,12305.0096262629,67.8024655579699,5364.1005329579
1950-07-31,1322.67010349248,23603.3176609357,48.1542868765232,10128.1042202927
1950-08-31,1371.10257671145,16683.9197953513,54.8862124707162,10839.7487560621
1950-09-30,1866.91671677996,11397.0295563989,54.6007841209416,8928.2196838669
1950-10-31,2303.32147157422,10314.8084754013,2.85637432287287,8557.69466610307
1950-11-30,3949.54970969725,44015.1082376404,3540.4051043086,11280
1950-12-31,21375.2700799026,74681.2801597001,14284.7366000632,12665.4000703039
1951-01-31,15637.7885281226,62788.4730343842,11670.2924081701,11538.7402794365
1951-02-28,9524.62735873935,62699.60044273,14634.221954005,7876.27301899835
1951-03-31,7612.63642704348,32009.2306334387,999.371019403836,7489.66094628259
1951-04-30,6955.93825511621,11965.3750789619,84.8143078814869,4699.62146545302
1951-05-31,3588.27439499858,11513.8639912628,62.7996450155639,3593.38994327348
1951-06-30,1889.01975049064,15508.6677063289,67.8024655579699,5092.72776545897
1951-07-31,1379.17160697351,24310.2004588996,48.1542868765232,8705.79271186079
1951-08-31,1383.0586354406,17764.5892578005,54.8862124707162,10141.5591397097
1951-09-30,1749.18385488058,19907.2458918098,59.171452713061,9094.30209648876
1951-10-31,2208.44701454135,10592.3408530631,18.3172611618787,3857.59936001206
1951-11-30,1660.8472499729,14460.9278855985,24.0359698388696,11280
1951-12-31,2104.74184650969,40781.4638552169,4961.0610238623,7029.53533346455
1952-01-31,8809.12315804019,66494.5419011509,27280.2621511021,10341.1225964233
1952-02-29,8957.34925952691,66676.2824483074,30802.4289456466,9623.18051881043
1952-03-31,14329.4517044396,60634.0109613767,7510.18243397241,11144.3402918935
1952-04-30,15433.912582446,55556.4979930997,6265.08045645526,9584.52707592181
1952-05-31,18963.5692062862,42124.5247193083,62.2622646711973,9880.61867368784
1952-06-30,14105.2914546005,20569.7539377389,65.0031902559439,10790.9975288063
1952-07-31,5832.6320405825,16426.0519113076,48.1542868765231,10042.2252602967
1952-08-31,3745.18454652093,15561.3523416688,54.8862124707162,10141.5591397097
1952-09-30,3848.14007133034,20535.4256178171,59.2749379206279,11280
1952-10-31,2621.53667320355,14083.7013984229,63.3021211312837,7680.96565295
1952-11-30,2031.24497092293,14470.105097514,0,11280
1952-12-31,2476.21166376206,36175.4895881211,7517.03024187216,7111.13755096045
1953-01-31,7200.44588583654,70081.142917497,44241.4297903889,8864.06355514483
1953-02-28,4995.44810140264,25037.8840737173,1017.21821894269,7465.94002232164
1953-03-31,3829.83560189492,23465.7030415608,233.877809400122,5403.0089390492
1953-04-30,5384.14090693534,14971.9915411704,114.190671403779,4544.68437532358
1953-05-31,4102.07565235028,20463.8214857331,55.3978073504622,3871.85116592985
1953-06-30,1855.43642712038,13117.1632707261,62.5633794251279,5214.79904002449
1953-07-31,1749.55442168083,24012.1483925324,48.1542868765232,8086.97185560599
1953-08-31,1477.54463712222,17127.5226692093,53.9494372798111,9710.53209034832
1953-09-30,1852.35160322409,21264.455973438,59.2749379206279,10311.7441765869
1953-10-31,2269.697235542,12063.6391632951,57.7838488443719,5589.87543177978
1953-11-30,1685.78607790568,15025.3603489715,17.079877903303,11280
1953-12-31,1575.88799442255,14128.752643052,80.7162768949504,10566.694203376
1954-01-31,1518.552884415,32769.8977667862,2523.83457363936,4863.9222579927
1954-02-28,1823.99242320898,49027.4526715737,13963.0547679134,5820.75217657746
1954-03-31,2524.93415610605,46426.158239516,5514.28340521157,4849.01626849677
1954-04-30,5562.68282393976,37962.2801004919,1858.84401713193,4721.11288389609
1954-05-31,3475.09066431879,14871.4432951168,55.1990542338105,3546.23419202606
1954-06-30,1889.22152801914,11207.584214879,67.0410855024115,3731.19110236584
1954-07-31,1285.19849823407,24793.0496203264,48.1542868765232,6693.9346358418
1954-08-31,1362.77566823841,17895.9086043307,53.9494372798111,11035.1967209012
1954-09-30,1772.66960231238,21276.800712059,59.2749379206279,10114.9345567711
1954-10-31,2144.43605274937,9885.01127428296,62.864547078467,3085.72201283885
1954-11-30,1508.89136659811,14924.4714556879,8.99785132449535,11280
1954-12-31,1642.53325517074,22608.080348364,771.33567150428,11580.248014386
1955-01-31,2198.41147241033,20147.3856340624,819.004577131704,7236.43955689553
1955-02-28,1745.54850634767,15495.1461739678,191.602562613383,6374.23816701581
1955-03-31,1844.62297910641,13838.8617387404,112.658060737709,4742.70702471715
1955-04-30,3249.99307549257,11722.2285248048,62.4225773729292,2200.94415863251
1955-05-31,2223.61652954442,11215.6263602225,64.1946189662734,2277.33174757972
1955-06-30,1441.52488688317,15014.9014363015,67.8024655579699,4232.3362004603
1955-07-31,1143.06695455563,12952.3763301848,48.1542868765232,3959.85941765427
1955-08-31,1278.07649336406,9372.89052000361,54.8862124707162,3789.82995972085
1955-09-30,1734.57743678542,10588.8635134336,89.2443063517924,7542.4218639491
1955-10-31,1937.46914025076,8368.25332548338,53.3838166789516,5291.13934050917
1955-11-30,1506.62828164602,10206.1510255833,4.14577742650078,6876.40566039524
1955-12-31,12761.6218152812,52560.6060018194,47865.4675691483,12695.1545621781
1956-01-31,25786.310004099,79842.5067023492,93982.7801274003,14349.8
1956-02-29,15863.1204403435,65118.4385137042,30620.515157105,10967.4730040776
1956-03-31,9139.09893503477,36685.1278138108,5904.68180163997,7502.83017102763
1956-04-30,8649.50718477266,15398.6632291778,80.0280839511578,5605.3941430715
1956-05-31,8370.62479272302,18734.5814973015,69.6346516624101,6760.0153489242
1956-06-30,6206.82416449209,12866.9631118779,67.8024655579699,6998.64330216004
1956-07-31,3003.8821703812,15506.8107140743,48.1542868765232,5949.72651075344
1956-08-31,2593.57682573382,15555.3359767914,54.8862124707162,9224.86917926719
1956-09-30,2544.38754443408,18622.6100495602,52.8472610850038,7974.05056284834
1956-10-31,2704.19805218768,12088.2297235085,16.9680791791784,6407.17180460809
1956-11-30,1920.13255661997,14853.393028657,8.27894685652528,11280
1956-12-31,1780.026698353,12802.2334328128,0,9479.7360735321
1957-01-31,1961.85965705116,13342.2717154532,14.6323857577587,6844.03369794248
1957-02-28,2766.42246784727,23694.1802403129,1866.30855556062,6436.48195915195
1957-03-31,4339.41772855141,43105.1514471793,3816.8953731652,5771.7301704689
1957-04-30,4589.35703842258,11901.013541389,176.196410326467,2510.05040415218
1957-05-31,3256.19955917316,16734.7119207121,51.9195746213079,3294.91448818495
1957-06-30,1883.16976319318,12365.1205426642,67.8024655579699,5055.92513583572
1957-07-31,1406.78882078767,23644.0884847067,48.1542868765232,10266.5988707768
1957-08-31,1470.36707593402,15471.7823072195,54.8862124707162,9885.87488732401
1957-09-30,1906.49412365109,14552.9178801805,44.7465410558624,10781.7330830459
1957-10-31,2421.97539128459,17802.4746349673,3.2939466894586,11280
1957-11-30,1721.03790790148,14866.3047052252,31.2479443601957,11280
1957-12-31,1726.63771368787,25289.556404665,1205.59741824575,6632.98325303239
1958-01-31,1900.65178744282,38534.5731959752,4741.17861048706,6196.38430776372
1958-02-28,5076.20772252616,72319.8382314932,86597.5323375666,8295.99387118171
1958-03-31,14464.7203549808,72155.0437792217,56373.5033029237,10120.4295496586
1958-04-30,22949.441854332,73912.4314329446,20732.8069211688,9395.97931220817
1958-05-31,17752.6274490091,21558.1572548157,45.1802590719157,8563.65781103653
1958-06-30,8414.55338416267,14852.9240053515,65.9711953894654,8172.32718585989
1958-07-31,3123.64495624084,18058.0254147,47.8289322544467,8959.54354150472
1958-08-31,3625.17784252355,11000.6130887597,54.7382991617496,5155.58895453653
1958-09-30,4055.26736098347,20125.7169286297,58.3378098796611,11047.5600334115
1958-10-31,2772.52951282286,14847.5990141502,56.2523442020132,8859.1049603617
1958-11-30,1960.38933605014,13813.5407372597,9.23420990218855,11280
1958-12-31,1935.90329197608,13540.0813020582,13.010751913531,10304.7137073447
1959-01-31,2763.77370775695,30216.1616397219,2844.94847443288,5529.07191463113
1959-02-28,6293.08460013533,48248.8953819129,12284.7757683863,8360.03660769388
1959-03-31,3683.40469180212,16299.8592955816,435.547231191378,5298.40208269857
1959-04-30,2379.63407091458,11384.9780156943,119.185047364581,2315.21250385772
1959-05-31,1890.02463208554,11679.6829810454,78.7111944936065,3066.155980515
1959-06-30,1215.66988986329,13296.797956838,67.8024655579699,2558.06802225381
1959-07-31,1010.33010101048,23687.4124826736,48.1542868765232,9331.57601207328
1959-08-31,1122.74999995541,17515.2093372746,54.8862124707162,11529.8978137223
1959-09-30,1755.50275382763,12100.4255068261,20.2316694993587,9143.42955016362
1959-10-31,1820.13615899463,8877.68768829232,126.341620216814,5548.66405527714
1959-11-30,1538.51247429827,9541.43015072244,9.80736714660348,5734.13638966729
1959-12-31,1433.07313244281,7598.51530453803,22.768818756809,3295.07208752255
1960-01-31,1338.00029418833,12620.6435977573,104.826284653659,6561.47653244241
1960-02-29,2088.91669423135,30417.394954358,3768.10770005129,6170.91942018584
1960-03-31,1551.61802441436,21222.6272932739,585.300734946414,4234.30794934274
1960-04-30,1751.5495442485,17343.295503377,65.0980267565333,2658.15077365272
1960-05-31,1715.87361913838,9814.74672591498,54.1942306006088,1906.66814554945
1960-06-30,1138.53493996128,15932.1628151221,67.8024655579699,4636.56063105836
1960-07-31,929.837093477079,19322.1869232501,48.1542868765232,10081.6812391629
1960-08-31,1073.74393592999,10013.304758659,54.8862124707162,4169.3388128266
1960-09-30,1521.23993170056,8873.32911693841,59.2749379206279,5574.95766959896
1960-10-31,1644.04162902644,8780.89943939773,93.3167321064151,5585.61278588242
1960-11-30,1453.96974055203,10719.7458329831,40.5484083479243,6905.72931111474
1960-12-31,1433.16459687742,19226.6905801654,994.586997907238,10757.80690433
1961-01-31,1282.97771544378,12393.9691699587,35.9887580374441,6674.20189288792
1961-02-28,1553.43485171895,36103.461450346,5469.13377508221,5732.75005615069
1961-03-31,1411.42288480415,19969.5019910339,502.139398479523,4320.27505133502
1961-04-30,1359.42129986055,10850.2610319241,77.6820257355136,1400
1961-05-31,1381.63401924392,11574.7976534859,71.0811593738089,2541.17464789954
1961-06-30,987.583808656302,15344.7104019555,67.2420493207488,4593.87976784125
1961-07-31,760.825033741567,13512.1002592355,48.1542868765232,4251.15790393877
1961-08-31,881.382977714267,8511.96739010336,54.7382991617496,2463.92961671497
1961-09-30,1347.49562933871,9036.94531036462,56.5727842913753,5838.71212359046
1961-10-31,1578.18826223919,8508.22581702835,61.1021050485735,5039.13718873281
1961-11-30,1317.67083365451,9784.91251179867,3.85341293136768,6334.57990745264
1961-12-31,1374.59850019186,15821.9412963395,350.356746014148,7381.70061546576
1962-01-31,1130.24774891791,10932.574748084,17.7337096546327,6395.01574310791
1962-02-28,5300.4946219353,52438.4407541577,16670.4248545377,8255.96343536346
1962-03-31,3650.61801421006,23432.1770858625,1926.74638970519,5379.01088832982
1962-04-30,6818.96064486508,13483.4997941413,81.5338663618439,5085.61362299074
1962-05-31,3937.83456413983,14099.3786830898,73.6723488231279,3912.85973319948
1962-06-30,1861.88661652055,13133.1987746759,67.8024655579699,5047.32397453942
1962-07-31,1417.0857275085,23533.6389900044,48.1542868765232,10346.3556921527
1962-08-31,1445.43803740777,15221.0390388995,54.8862124707162,9384.43797341698
1962-09-30,1863.28033234032,9601.51143014901,59.171452713061,6759.8839203653
1962-10-31,2244.65505292134,29557.2012580545,1988.51924212309,11280
1962-11-30,1503.53626616528,14104.6634979489,0,10293.3639550747
1962-12-31,1493.39719006768,28931.8134528663,2133.42613341801,6304.95613925967
1963-01-31,1798.08778958238,16738.2662490031,528.140455744604,5934.77725057058
1963-02-28,4501.75662750748,65673.1339777949,19009.5786259994,7425.03448845707
1963-03-31,2449.03760313564,29043.9977497603,1920.299014914,4738.94667580414
1963-04-30,7684.73120913449,68448.3316924057,31228.5065671214,6302.60291891513
1963-05-31,4761.2548346417,20415.7741408729,46.3727992803516,4042.0543914764
1963-06-30,2671.73511607584,15816.2419286187,66.5316116266865,5485.62045940153
1963-07-31,1816.79092422832,24358.6467779231,48.1542868765232,9212.74132048991
1963-08-31,2178.43128191825,16192.2853605821,54.8862124707162,9478.78340780335
1963-09-30,2444.58735102025,20878.4390786441,55.0204822174764,10319.5843351826
1963-10-31,2712.29582145467,13165.712538879,15.6675174304149,7421.28408499875
1963-11-30,2458.41693871983,21796.3501507309,508.6086919176,11280
1963-12-31,1994.17886664384,15346.8142870559,42.2849524433652,11644.5273197091
1964-01-31,2416.99024732335,24753.8122274043,1485.92678794304,5407.32186337546
1964-02-29,2084.59118259001,16863.8149074909,86.0917723960202,6796.74053665153
1964-03-31,1604.5963506742,11951.2238443466,44.5789425122406,4517.93982296397
1964-04-30,2069.50635699909,11173.8039862797,130.827938769723,2822.30243059274
1964-05-31,1727.49884742127,13884.2794135117,79.6460810712765,2989.04713447846
1964-06-30,1181.88151199428,15058.3297485926,61.5302799349918,5044.59669569741
1964-07-31,936.366918813786,17394.9908286784,48.0572187106899,8027.41046940688
1964-08-31,1009.29597166041,9668.18837479136,54.4917795444633,3850.00932394699
1964-09-30,1505.16634686245,8565.55571063167,140.788580385463,5409.61427814
1964-10-31,1766.54470010495,8883.03834407876,11.9116893414079,5770.06246566865
1964-11-30,1565.3074903861,13861.4636769262,72.6562721140444,8292.88251419229
1964-12-31,2401.18261192722,45920.5073525952,37500.201665534,7150.12415096251
1965-01-31,11426.0254093249,77402.3863629092,52201.6991640725,10985.1883987743
1965-02-28,8195.95056214283,35241.4440153545,3322.03192831057,9149.07546503969
1965-03-31,4947.08708592148,19063.9132644126,344.379682743462,6083.55389812494
1965-04-30,10707.1695944783,45568.9316607169,2270.08981431083,8111.08377109014
1965-05-31,4511.29602317072,14994.5316501967,69.561039149972,4188.68988475165
1965-06-30,3103.86981368361,11116.7524148937,67.8024655579699,5229.69978503422
1965-07-31,2344.95377281419,16525.6080043064,48.0572187106899,3836.24753274712
1965-08-31,2866.72964869684,15963.5623805727,50.1585158468654,10120.7463881847
1965-09-30,2469.1744738984,18123.6747234163,71.6034987082201,8309.53634725084
1965-10-31,2546.62880375917,11792.241352382,62.864547078467,6037.94480942165
1965-11-30,3129.28092595568,22300.9268922908,441.132872479476,11280
1965-12-31,3625.17203978347,17503.4614564808,304.289353736618,11942.6658567346
1966-01-31,4697.48224558198,34243.92363162,4038.35976778992,6588.86876819707
1966-02-28,4221.47960313564,29590.2702197177,3616.91898346631,7177.89726534823
1966-03-31,4226.96595434869,25068.0846798269,1074.43009831451,5624.96100314314
1966-04-30,4112.18162941134,13248.3352586948,111.192323608024,2904.7854372838
1966-05-31,2178.14298246519,15014.3690667756,78.2547879129217,3000.9966580322
1966-06-30,1377.39634472237,13729.6819920729,66.5316116266865,4926.50542316797
1966-07-31,1216.76456987046,24075.9457417949,47.2483259057968,10908.3680710883
1966-08-31,1230.49866807353,15110.7425860947,431.12235879668,9587.1386021626
1966-09-30,1616.12930397681,9007.71735835581,250.655176941088,6117.59503394441
1966-10-31,1873.95207703151,9492.16882559013,63.3021211312837,6178.30249913826
1966-11-30,1365.92675201992,13304.67020958,390.69843840366,8525.78735169335
1966-12-31,2631.79917405234,38720.5629735464,5895.83719741455,7141.54480738246
1967-01-31,4324.74995083912,42606.462141613,13817.6708972849,8033.6676420472
1967-02-28,4196.81733936403,51610.164921884,13198.9469923904,7060.75652311562
1967-03-31,11874.3234339749,53152.2190929374,13950.7144857566,9348.99394684239
1967-04-30,19824.8450328266,47078.7979149803,6579.20036587463,9528.95190806709
1967-05-31,15023.4441668019,38873.8675318796,409.155213528619,10905.0356183976
1967-06-30,16401.7911249659,19568.6960037664,53.48059264725,11280
1967-07-31,8301.15873429194,14332.5072440622,48.1542868765231,10792.0967741613
1967-08-31,2901.06673293779,16494.4715598712,54.7382991617496,10141.5591397097
1967-09-30,3617.37205102631,19492.6660846803,58.0273503503742,10210.4811662006
1967-10-31,3084.05743108007,15219.9715683917,54.2589603797367,9317.05215325468
1967-11-30,2007.55170485456,13419.5756022722,0.191052613264621,11280
1967-12-31,1947.15416379645,17094.0060464189,23.6013915853437,11635.9314062854
1968-01-31,2475.42000279619,26738.6937938857,2326.77802678298,5493.09087982412
1968-02-29,5416.0176152627,56982.2444298848,17456.2349434106,7737.37152338538
1968-03-31,4618.92422611052,33540.8130533391,3261.79010068761,5946.75901897722
1968-04-30,2766.88891383468,9580.75372761852,76.0283642011421,1981.88805405121
1968-05-31,1981.57082118434,10242.844805379,71.467628898962,2653.46973293524
1968-06-30,1299.05457921451,16561.8809879947,67.7005726291387,4602.45552918605
1968-07-31,1102.60978089488,22903.7540369793,48.1542868765232,11228.1593282939
1968-08-31,1211.90245382089,15957.0944261693,53.4070950151589,10833.4175547904
1968-09-30,1626.58745548766,10942.1878349446,191.958213438281,7926.43614062808
1968-10-31,1806.50533373034,9204.46150345481,43.2224156682617,5973.82148988348
1968-11-30,1625.44269244249,10718.2533500621,159.652777788333,7089.12467022831
1968-12-31,1743.05970337511,25047.6661945417,2870.67895125528,6661.80369052301
1969-01-31,22939.4178874407,68541.2963363717,67818.1230218961,14349.8
1969-02-28,32409.8460098459,74793.5317606368,55405.5487525988,12187.8974948092
1969-03-31,22689.2942097873,47611.2795102339,8562.8191038133,7814.21388330329
1969-04-30,23490.9341831646,37924.0546981391,1146.23359612298,7516.44567989102
1969-05-31,26588.4039835067,24895.4883535714,72.292097374906,8544.40163729921
1969-06-30,23713.1853674924,11020.6297102259,66.990142884483,11280
1969-07-31,5135.38711730149,12751.2997925501,48.1542868765231,5159.25756998426
1969-08-31,3595.23917267214,11288.8936292366,54.8862124707162,4900
1969-09-30,3754.33672966798,17646.9956245881,273.631966546064,9193.74724418128
1969-10-31,3485.33125639954,14586.3345107248,76.0713366934251,9558.52330977296
1969-11-30,2699.89206816269,13543.1480507142,51.2148428034841,11280
1969-12-31,4950.13289941852,43263.7095216915,10932.9840108076,8323.76782769446
1970-01-31,24494.5436275778,77372.0928521302,141884.111767608,14349.8
1970-02-28,10106.9562776989,64351.6348984038,15051.363526779,10157.3926895493
1970-03-31,9312.67434203632,34794.6423233177,4560.94373671915,8299.70481399141
1970-04-30,6083.32973659603,10144.8395020842,99.4351470221046,3241.47464974254
1970-05-31,3547.32405239125,11812.3519313876,76.6647359690015,1562.0079160348
1970-06-30,1427.85987586375,14858.6921815695,63.3247597371187,4939.3188044529
1970-07-31,1543.31162151619,23352.8311572253,48.1542868765232,7366.21941715717
1970-08-31,1243.17774611799,17605.5265325132,609.559857928752,10141.5591397097
1970-09-30,1782.80262005134,16772.021288926,161.554535528355,7575.56447274195
1970-10-31,2377.62314008531,10302.2880889551,39.4908949431928,2655.24701233385
1970-11-30,1631.66843670678,18104.9085470651,313.685180408045,11280
1970-12-31,1719.62916833092,57895.7136884528,9639.90890247442,7063.68128421529
1971-01-31,2063.67835337052,49937.8744048488,7903.22351557927,6199.5913670165
1971-02-28,2582.9753830033,28143.3323112971,1369.71900891881,6237.79719701629
1971-03-31,2676.98689617308,49487.7235864789,10491.1077030753,4921.90970819227
1971-04-30,5330.27767896842,24145.6695156995,282.817399528301,4713.8128010599
1971-05-31,3380.00671364189,20083.0119858885,62.6965828296335,3398.48599465241
1971-06-30,1748.2180531903,12825.3753977594,67.7005726291387,5010.72947419122
1971-07-31,1513.70426916532,24048.3330435923,48.1542868765232,7611.73770472611
1971-08-31,1388.20160027989,17874.0429170211,54.8862124707162,10654.6777764437
1971-09-30,1802.34747800391,21525.9356783391,95.6636501995364,10629.5901048811
1971-10-31,2655.70693826271,12010.7550337445,59.3275037102055,5732.75273922647
1971-11-30,1613.31332007723,15124.2874971379,0,11280
1971-12-31,1929.63790997642,19600.1088643334,105.980977378859,6709.52801712275
1972-01-31,1915.95481120364,18828.3170421128,150.692070162144,6022.7473972379
1972-02-29,2417.08170791734,24013.4445856213,338.427846689655,6167.93541674369
1972-03-31,1543.86263075196,29886.8767311626,2388.4559209702,4039.91830099158
1972-04-30,2451.29451481563,15154.0651336927,111.904877568557,2103.87833807186
1972-05-31,1823.57061060882,11259.3436335521,78.067076506403,2986.45657527546
1972-06-30,1200.19158506716,14825.9176279875,65.0060207575406,4419.11906999049
1972-07-31,1046.70849583989,23655.6299481012,48.1542868765232,10824.9491945211
1972-08-31,1136.71459809832,13290.8954563321,502.40334513824,7771.7887327689
1972-09-30,1383.75456730752,9455.24343811405,154.326956589446,6464.98716164288
1972-10-31,1725.33194690688,10253.5069161158,0.887299305573728,7461.27711590194
1972-11-30,1744.45909772068,18750.2471552307,677.857214507985,11280
1972-12-31,1701.63777626121,27957.0653358874,1794.25421405557,6792.64948706938
1973-01-31,1937.64802857921,64484.2526665783,26584.3702241666,6914.13189427455
1973-02-28,7871.15598508625,69404.9518587559,28470.2878943,9637.97202589583
1973-03-31,8843.4639553309,50763.5796653479,11624.0209280792,8261.63634375656
1973-04-30,8516.31690399909,15771.6809980642,87.2679240803511,5063.70781355561
1973-05-31,7377.10185569077,9523.24036239654,70.2309216832616,4409.24942466728
1973-06-30,2140.00793026696,16444.0260835645,67.8024655576816,5166.04175765095
1973-07-31,1456.27009054177,20559.2454008894,48.1542868765232,6970.34334111151
1973-08-31,2377.03808065155,14809.4056814262,549.346249931588,8316.8198751797
1973-09-30,2421.40145681115,16957.7440020954,153.42657997454,7484.36535602394
1973-10-31,2974.08766541391,12704.6354203412,22.4985062320649,7256.7227421562
1973-11-30,2715.99983754279,46263.4442202111,8671.90490376695,11280
1973-12-31,3123.39625027936,63364.7144757893,12218.6752191675,7542.17890861994
1974-01-31,9434.26128031372,75742.8187191501,69580.729020626,10090.757926627
1974-02-28,6118.5317213206,42199.1210554647,5569.09818665449,8070.84028211172
1974-03-31,10750.1837482757,72507.3246350814,51393.2363194542,8732.95767186839
1974-04-30,10385.3680733777,60967.7226409397,8696.9361827138,7978.04758790393
1974-05-31,5778.43289125721,16805.2761804444,62.0046165426124,4673.2725009292
1974-06-30,2793.45803799326,13598.3912062004,64.4512611641609,5529.71726324403
1974-07-31,2117.60670415062,24392.51001788,41.4890082685672,8489.22142244857
1974-08-31,2342.19443059689,16561.038685066,54.7382991617496,10141.5591397097
1974-09-30,2657.63121441344,21303.5801517361,59.2749379206152,11026.656131061
1974-10-31,3275.81330002891,12130.8522606912,29.1228640121449,6681.11862583308
1974-11-30,2566.45225076459,13709.7274612225,1.34798228591596,11280
1974-12-31,2518.22500290789,14967.1031247807,218.103030464146,11740.3206994563
1975-01-31,2762.62833674121,13608.2302183549,36.9619640961755,7227.28845037545
1975-02-28,9011.91657507744,52280.717166637,9274.84947871118,9664.03153575358
1975-03-31,10195.135217145,61146.4783568163,28096.7165273078,8946.67967563079
1975-04-30,8434.34969687181,27704.4066671228,1314.5171656722,5095.67315972435
1975-05-31,4768.75269026135,26545.905279255,65.5233419892541,4006.75681633278
1975-06-30,4427.27002757404,13963.9943569117,67.8024655579699,6242.13098538254
1975-07-31,2249.27067306251,20341.4063571158,47.3130363335132,10062.3721271602
1975-08-31,2687.07930605563,16164.417821962,53.7029176625248,10548.0788843685
1975-09-30,2333.83287842866,19340.4976042407,59.2749379206279,8396.1139373654
1975-10-31,3484.29845875519,15745.9125252744,1.5315028614923,10023.2738994371
1975-11-30,2828.83449185043,13608.4568364208,6.15613978454274,11280
1975-12-31,1977.19065096622,13704.1434757019,0,10495.5872772894
1976-01-31,1788.98687975807,9952.68234878287,0,4349.13430645198
1976-02-29,2393.51766772525,13287.5367258909,29.766316349945,6710.73566685552
1976-03-31,1673.33343969227,14290.1545004301,234.511995335947,5857.6880670393
1976-04-30,1681.32056500219,11427.2253399406,118.828765207583,1472.52822600089
1976-05-31,1587.73391620212,8344.43528233467,81.9722664762151,2406.70966988249
1976-06-30,1171.04066724898,11303.979460198,66.7891788097132,4043.78859504349
1976-07-31,1124.95743060781,11669.8535504687,48.1542868765232,4158.11862147259
1976-08-31,1396.75225711067,7785.60019689482,49.1669592356935,2931.9611995732
1976-09-30,1613.88789766,7532.32548147421,168.032290474892,4816.97294709152
1976-10-31,1734.03267301648,7918.92114504288,57.5772165839383,5599.61810945941
1976-11-30,1378.74162946502,7354.75955613696,2.87640319954559,1929.11003347559
1976-12-31,1273.34728567757,8806.45332853058,0,5809.80739882695
1977-01-31,1220.14941167433,8095.19602786981,6.50537789551871,3058.19163436315
1977-02-28,1246.69491441912,12177.5594890885,53.3075551513851,6070.97600297792
1977-03-31,679.188706060144,11738.0630279766,149.583907723603,4485.18347563542
1977-04-30,1121.90853459129,10097.3516371223,159.115064286827,2021.80933186118
1977-05-31,1368.06299378118,6454.32080805424,64.1504521257416,2037.43386946518
1977-06-30,672.039214339631,8838.6548026867,67.8024655579699,1100
1977-07-31,570.726912726415,8850.25905623479,48.1542868765232,1100
1977-08-31,613.960458014422,7711.52779604616,54.8862124707162,1619.42534142236
1977-09-30,1004.03361751026,7167.09484683178,45.9826341473683,3897.65948893353
1977-10-31,1306.06391119788,5188.92203532996,53.1528748865685,2183.37546405543
1977-11-30,1132.1618553653,8626.1737345137,0,958.380186532442
1977-12-31,1244.37242914524,16625.9894669365,345.5053086537,6409.77677727202
1978-01-31,3278.13256252198,57790.6782523875,25497.2822258241,7136.83152483329
1978-02-28,9340.47279479736,51962.4844880395,14256.7032680602,10080.6497852027
1978-03-31,9663.94381164669,59019.162027214,15819.4128659804,8470.83614202308
1978-04-30,17128.7359245759,37312.1725581329,2250.40612663831,9806.13073055302
1978-05-31,14784.8230113021,14408.637814708,56.3879094815728,6748.81798930602
1978-06-30,6952.9299667599,9252.59450697245,67.8024655579699,6179.24393623108
1978-07-31,3194.98221206688,19216.2850576423,48.1542868765232,9129.4498950286
1978-08-31,2442.62826810463,15793.9383713043,54.8862124707162,9112.24067651896
1978-09-30,3552.21255179212,17934.5342454131,53.6636560799636,8652.70351803283
1978-10-31,2420.83291485267,12281.681015379,63.3021211312837,6205.17976852143
1978-11-30,2728.04256984156,13277.3721488834,0,11280
1978-12-31,2226.01430248727,11306.4471223953,0,8278.62896514859
1979-01-31,6466.72793873848,23558.4266954367,1086.45450920203,7570.88839715844
1979-02-28,10545.7479270018,34839.0031360484,4874.40674211949,10550.9342311731
1979-03-31,10498.8898327235,27529.9288158242,684.005088875837,8925.66515053403
1979-04-30,8633.7808160323,17788.867844712,54.7861309011518,5090.88068235186
1979-05-31,8376.25774843373,12030.5221684265,63.4511242540113,4483.18579384572
1979-06-30,2007.00038447924,16257.0079958367,67.8024655579699,5122.26774963147
1979-07-31,1605.41820997575,20275.3452727633,48.1542868765232,9767.33741053085
1979-08-31,1769.26048041575,15640.3994588413,54.8862124707162,9864.20185562702
1979-09-30,1894.25461606847,10174.1620649298,59.171452713061,7155.77665472127
1979-10-31,2645.08383860312,10289.6827577097,4.84975924636148,8370.52879072889
1979-11-30,2164.82532875639,12774.5686904028,10.9017972729103,9390.59227954749
1979-12-31,2130.42529487766,21680.5206800996,1008.1816287549,11669.4325807842
1980-01-31,19340.7504197093,69447.0828914444,29797.8347096038,12028.9180165912
1980-02-29,29543.53222571,68636.5313628603,54931.3743782421,5196.06654523912
1980-03-31,19142.3491926229,46184.9142394619,9105.18297033494,4511.28713363157
1980-04-30,8360.3586981154,16764.1784421968,48.8235206002988,5220.95810751594
1980-05-31,7427.37101828554,10513.7713680639,59.2661967329691,5384.30605329934
1980-06-30,10006.5139734006,8858.98917965405,66.990142884483,6868.93864150943
1980-07-31,3747.95569076313,13662.5765466461,47.7660194245627,4723.807945351
1980-08-31,2709.46086640572,15470.5991934904,54.8862124707162,9519.44438584543
1980-09-30,2401.95777181434,16847.39666127,59.274937920639,5735.79976080997
1980-10-31,3007.84955561507,11872.7185544982,60.6523760921306,6726.84166419943
1980-11-30,2452.12646081252,14010.4349031246,8.27894685652528,10976.1301038148
1980-12-31,1784.95967552508,14735.6078346948,35.0259974707406,11018.2487893269
1981-01-31,2353.92469495343,21130.2174299757,2436.93816101344,5343.34779786817
1981-02-28,2516.19485028086,26641.9548119031,1359.52161504048,6226.67070997427
1981-03-31,4170.90570303835,23345.0248726776,1135.37529280613,5779.43704885309
1981-04-30,4141.53072262008,15751.5348620011,55.4112979782572,3978.33391893852
1981-05-31,2570.61192359315,9245.09546741856,65.1221496281479,3614.95578150739
1981-06-30,1469.48450660557,15840.2053315842,67.8024655579699,4857.62406561488
1981-07-31,1401.11709572247,16926.1709817122,48.1542868758797,8053.46300469565
1981-08-31,1333.26374819424,10400.7755246446,185.526548764053,5010.86129669747
1981-09-30,1749.07337020585,9418.34193566662,52.5310479355856,6444.748447593
1981-10-31,2132.80156364736,7825.94270345932,8.60558786876811,5146.42797640159
1981-11-30,1658.34984737854,34275.4114104076,4611.02959720573,11280
1981-12-31,1834.87574483559,70358.1779407742,29159.5304507437,6544.76542292092
1982-01-31,9286.85031518675,67302.0779930028,20265.0325683066,10406.8543274398
1982-02-28,22328.566172757,70035.2204479065,34994.1374741692,13259.1134478596
1982-03-31,17498.7092024431,66277.5346901621,11920.5416313187,10331.1720052736
1982-04-30,31567.4332898242,78446.6481941337,51405.2761007607,9569.28380630818
1982-05-31,19708.4642537249,21567.8502842898,53.3992027945884,8558.82257961449
1982-06-30,6840.32922181745,15736.2796228325,66.3306557577558,6870.08150963846
1982-07-31,3720.42591883085,18697.0696076017,48.1542868765232,10321.6988044863
1982-08-31,2748.73221666238,15871.7811470217,125.542208952049,9958.37111899167
1982-09-30,8566.9795270408,14702.1430641488,23.2902788687347,11280
1982-10-31,8210.99977096997,16202.6351079393,0,11280
1982-11-30,15281.2861199052,32165.587228434,1065.63339970276,11280
1982-12-31,27082.1230693759,63344.4630935567,15910.2360142218,11534.1981683094
1983-01-31,33962.0648825924,61446.3610566165,28731.3653008534,9096.62285737899
1983-02-28,38474.2675910053,78641.6209142499,84168.2679785191,8854.15776420144
1983-03-31,57475.0995092895,79891.1952566723,143055.583919188,5514.03925242681
1983-04-30,26695.6693839647,67692.8150618433,20287.5897022868,7046.14231694292
1983-05-31,25802.8949180153,42388.098427463,898.580175317709,7103.87751540836
1983-06-30,26946.9323560556,22485.0461202252,266.005323246083,9705.70119332239
1983-07-31,12970.4744655442,12812.7207931399,48.1542868765231,11280
1983-08-31,6469.03071321135,14889.8661522145,54.3931732361436,11280
1983-09-30,6761.7049773855,21925.6930522179,48.7940263438801,9561.54986564083
1983-10-31,4473.76421771082,16648.5784637391,44.7782254377215,11280
1983-11-30,16634.417619941,55376.4171586232,14107.7622520276,11280
1983-12-31,28587.2159360141,80729.4873704185,77882.9118284481,7073.85731622391
1984-01-31,17041.5592236834,49191.7899875022,11222.7476953477,8757.20718930187
1984-02-29,10745.7361170106,36155.9166052714,2626.48029443459,8908.49195600039
1984-03-31,8563.00792763623,33812.8877268968,1245.92710357811,7897.73656808923
1984-04-30,8013.897474249,14898.8143918562,110.688155019029,5064.08932991257
1984-05-31,4266.41764804994,8937.17146637688,79.7086568755644,3792.77101491104
1984-06-30,2391.54914231694,16520.0491330052,66.3306557577558,5387.74638894465
1984-07-31,1924.8145028124,23877.3209229279,48.1542868765232,9516.06444791208
1984-08-31,2211.02679480085,17035.5730430023,52.4730590193473,10322.1399319859
1984-09-30,3064.00220831382,18898.7670800543,53.4451831124705,9227.23304431922
1984-10-31,3580.0167689826,9122.6524964881,1200.61173942633,5196.51838838502
1984-11-30,2599.50889149847,20829.756386442,886.928742266056,11280
1984-12-31,1688.69430284308,21806.3991850191,234.379408344748,11588.6860553585
1985-01-31,2219.38843774845,12549.4817211701,0,7013.60494595202
1985-02-28,2857.79385340253,18740.3438666189,182.894554238592,6982.48308001678
1985-03-31,2503.91930134346,13503.0507582835,13.2853160590443,5140.71262914665
1985-04-30,2849.53651200841,11828.4589659393,54.913856095166,2925.538693269
1985-05-31,2167.66215544677,12850.3839232297,67.7722340894,3365.70047625693
1985-06-30,1337.01159084289,15698.4294417024,67.2448798223455,4828.31244003123
1985-07-31,1223.18693565403,14794.3836854665,48.1542868765232,5833.75691548175
1985-08-31,1427.48350435763,9631.6926903467,59.8200569258098,4323.0972896182
1985-09-30,1896.73711455724,10099.4213455658,51.7951452841109,7506.43538148979
1985-10-31,2002.29887401199,8157.38874461827,45.4345865169465,5142.59435736647
1985-11-30,1967.74679061209,10697.8387946889,3.05919539858039,8414.37006768771
1985-12-31,1846.0937339362,16805.7182326149,311.773371292151,10477.8906903107
1986-01-31,1597.59178628473,26621.1974064673,798.141223651077,5016.86116733141
1986-02-28,34621.7654634966,77267.9041154049,135617.945686554,14063.6
1986-03-31,31703.5154112071,74403.5408979098,56103.5937853575,12784.2388048984
1986-04-30,13525.5426716425,18142.6159276816,45.099405015755,5709.68452092883
1986-05-31,10750.0701707574,8444.59563745956,64.330801947551,7058.6372427141
1986-06-30,5208.65984405804,11079.0110941145,67.8024655579699,2571.59233203177
1986-07-31,1964.54108494862,13709.8807131989,48.1542868765232,1996.19107910966
1986-08-31,2416.49570768315,16338.5060056717,54.8862124707162,9167.75452815316
1986-09-30,3292.3154385958,16301.0186347219,50.237094017545,7319.45200775559
1986-10-31,3676.53568404885,12146.7415887601,61.5396746965419,7033.65152437115
1986-11-30,2992.61566831984,13631.1286180166,8.66105169615213,11065.5340486368
1986-12-31,1810.16000426591,11029.17404778,0,7585.21246907561
1987-01-31,1657.67131921164,14112.9654182059,80.7040631309626,6640.57245572877
1987-02-28,2026.62552293453,23053.0281305235,844.303565309063,6046.48638369001
1987-03-31,2511.24564250871,24514.3425286945,1336.85011011434,4805.68911024465
1987-04-30,1531.70808014655,13961.177164834,84.9487506460541,2487.29441781082
1987-05-31,1501.46795942725,11325.1765702704,76.8487719186138,2709.27358555807
1987-06-30,1138.47452891938,12573.3712266405,67.8024655579699,1705.27679346979
1987-07-31,1012.41291253545,10754.8542425819,48.1542868765231,1808.95132432347
1987-08-31,1169.84949407744,7926.18139421781,54.8862124707162,2022.42464982182
1987-09-30,1656.15672110373,8047.61701186603,59.2749379206279,4673.69035677341
1987-10-31,1796.85272950382,6392.11586214018,38.1660225612677,3051.16166814945
1987-11-30,1487.49483974961,7678.54442982465,0,3818.5485003313
1987-12-31,1399.9031209583,18465.2559059196,231.526031442176,6443.53670285969
1988-01-31,1379.14343367188,29845.259521032,3835.66958785804,5841.69704848434
1988-02-29,1356.37890790351,21743.8253496995,240.153931277546,6175.71357449299
1988-03-31,1044.96038884156,11785.2358641763,61.5785132442846,3664.88051228377
1988-04-30,1571.49570295832,11659.895759888,86.1990844957512,1837.29089397766
1988-05-31,1405.67581995548,10517.2154880658,62.6045673558186,2488.35852677991
1988-06-30,959.128449490323,14945.7471373127,55.6713316463164,4783.34637034627
1988-07-31,749.0330582264,10513.6736913316,48.1542868765232,2075.16256286147
1988-08-31,891.991983370564,7515.97559668107,54.8862124707162,1906.59496824956
1988-09-30,1374.90094831605,7277.99845560857,59.2749379206279,3903.69021283855
1988-10-31,1324.90917142754,5224.47414112462,61.1021050485735,2445.90271326193
1988-11-30,1294.55077853662,14666.6749980456,202.219908990338,3174.13073721963
1988-12-31,1333.71054254875,9643.84591172812,2.141942883965,7007.62664680368
1989-01-31,1209.98008930407,14705.760651237,102.382399905489,6415.45436897888
1989-02-28,1474.324372879,15072.6234068128,5.57857836746686,5438.09424366228
1989-03-31,1430.74598594533,55846.4209439237,6884.61791562156,4169.13537222034
1989-04-30,1867.0108382415,23245.8693757213,70.5295814380461,2463.56759360975
1989-05-31,1345.40580496329,14894.1517005111,73.1975442830491,2476.89051366157
1989-06-30,906.206975892405,14184.9470536285,65.6202180636935,4712.40834535992
1989-07-31,829.767848000887,19449.2739142951,48.1542868765232,10260.9338284781
1989-08-31,1014.70518381683,10390.684554801,53.7056568576184,4803.22596097053
1989-09-30,1736.3706438424,11670.9559888208,23.5949912888673,8911.69306672801
1989-10-31,1645.34750962921,9269.7447191025,10.817758717453,6183.3494366906
1989-11-30,1364.36959434213,8091.42116940697,0,4851.19094773104
1989-12-31,1276.6436335185,8729.52233857073,0,4727.53037805289
1990-01-31,1194.17057993362,18667.2224038569,230.392918436233,6417.03223937348
1990-02-28,1517.90631883331,16895.0328259705,69.9231527769729,6099.19211314829
1990-03-31,1048.16081225668,12933.6271891292,23.5636396384559,5172.03819110763
1990-04-30,1018.51768573513,12273.8278827875,114.963489744719,1123.37551475729
1990-05-31,1448.73957360439,9166.28637725506,46.6414894525349,2151.56727797866
1990-06-30,805.66503620224,15291.7354618752,67.4967862586113,4599.67636788811
1990-07-31,693.223822371386,9594.01559709187,48.1542868765232,1396.54934380388
1990-08-31,818.61199964856,7647.7023494972,54.8862124707162,2147.00287226735
1990-09-30,1320.53104922149,7639.87467172914,58.3378098796611,4290.05926046542
1990-10-31,1678.45505264631,5200.74298285525,60.4335892033737,2954.9264685287
1990-11-30,1444.58641549943,12693.0023363075,15.5092740676978,3641.02312718573
1990-12-31,1200.77857084107,6900.40962266099,0,3796.26413170296
1991-01-31,1019.31937487259,7876.93371704463,3.09005372418216,4369.28105059109
1991-02-28,1300.16214300085,11526.6998019009,234.285626336768,2320.38278918678
1991-03-31,2438.30284395432,30121.9402250204,3376.38225068178,5936.91757684199
1991-04-30,2372.86239694686,14115.6088913626,53.9794630467444,2217.97089875794
1991-05-31,1774.63113727403,7825.13214539301,64.330801947551,2387.20086157732
1991-06-30,986.003901159274,10756.2727919972,64.6493906344144,1100
1991-07-31,826.044336484018,8781.76595750331,48.1542868765232,1167.61906171606
1991-08-31,957.230207016168,7466.5811206346,54.8862124707162,2026.96326720042
1991-09-30,1217.26865351811,7499.65239033723,59.2749379206279,3936.92539668404
1991-10-31,1724.05518057826,5575.18500182632,43.44120269467,3968.2320602425
1991-11-30,1297.2948657056,11897.8301247524,7.12201684768206,1271.63784519592
1991-12-31,1093.54779343176,7007.41722930634,55.2956927243767,3857.53638774164
1992-01-31,970.631650807016,10695.9108335717,15.4850078735414,5931.71101616215
1992-02-29,2296.82112639191,28945.2431145179,5529.74189460389,6457.9889858357
1992-03-31,1583.19127298304,19947.7933118125,135.362256700422,5534.9527011086
1992-04-30,1027.05600090064,12594.2890855939,49.8318532105843,1400
1992-05-31,948.655252316019,10914.0822470484,66.7858137510406,1970.87591470334
1992-06-30,568.916784098846,12109.1473237905,65.1022570425304,1405.58446554771
1992-07-31,524.705084902351,9099.07771266638,48.1542868765232,1394.75332380449
1992-08-31,570.295759067303,7803.12999486422,54.8862124707162,1771.33365067259
1992-09-30,974.520793438933,7541.16749012155,59.2749379206279,3691.03142193779
1992-10-31,1288.69599427558,5081.86054005175,5.95584467070393,2483.26601021655
1992-11-30,1069.79792123594,10524.4349515873,9.80469931419605,900.000000000062
1992-12-31,1138.31758278864,14458.4440249623,176.640859047721,10692.9881385082
1993-01-31,4743.04115098312,58708.9126676504,16687.730172284,7342.82337850512
1993-02-28,4578.50373783488,50235.3156783995,10463.8939153263,8071.73381003794
1993-03-31,3628.68687676819,49239.8641778319,10231.6304162654,5866.51217379788
1993-04-30,5750.0376945385,36012.1478616985,2292.90737579394,4543.50785485004
1993-05-31,8569.21578109906,17294.6017092156,61.2243159075968,6072.67606252575
1993-06-30,4965.62343809814,14739.6679867726,56.3930869874135,6531.83441395629
1993-07-31,1832.46308107699,19266.2958744641,48.1542868765232,8450.61146411244
1993-08-31,2021.51387786693,14976.8424926084,54.8862124707162,7616.25757563815
1993-09-30,2552.465114645,20645.6401048368,59.2749379206279,9868.85853427253
1993-10-31,2580.96133038322,12212.1459974951,44.5472880501867,5717.05676537386
1993-11-30,1933.01923685398,13516.298942394,1.68055395267295,10408.3416112453
1993-12-31,1446.48247257297,15746.165080695,28.9243064765894,11544.4107745564
1994-01-31,1333.33932714976,13025.5230450588,64.3657553219835,6299.69055914271
1994-02-28,2324.39868515276,25015.3612655019,1095.04497628998,6689.22016700214
1994-03-31,1113.60442008217,12241.5704215809,40.6013229139013,4881.30757123195
1994-04-30,1250.4863532875,10709.5707208027,109.000874876161,1402.664209247
1994-05-31,1686.93556366293,8310.98501924187,62.4205314062063,2560.8872148974
1994-06-30,850.003352172178,9273.94795775983,67.8024655579699,1500.05405525817
1994-07-31,658.407073426584,10229.9971797879,48.1542868765232,2284.11284338467
1994-08-31,741.689420377574,7808.14228097429,54.8862124707162,1622.57956297277
1994-09-30,1150.05788678981,10308.7952504666,58.5447844618202,6591.67301685355
1994-10-31,1405.70200786192,5896.12246510623,39.8920055239944,3285.93954541604
1994-11-30,1217.21535232675,15343.8692021581,6.57916996733301,3790.81641022155
1994-12-31,1104.18095990691,15845.5196646786,229.180577806942,11481.8395303055
1995-01-31,4734.59013456864,71822.3927637532,79787.542432637,7425.62408804212
1995-02-28,5009.8721529836,57334.2298025059,16790.6943474915,7494.16745912456
1995-03-31,30668.7898824644,77518.3914126999,137358.790973109,10030.4515007956
1995-04-30,17379.335361363,55461.8438808951,6328.1101229272,8173.28604437412
1995-05-31,23981.3308278542,54172.9448763831,2699.41341291347,10361.1252066608
1995-06-30,16528.9921574633,17435.0591586481,58.7140229055481,11280
1995-07-31,13275.0697015988,9630.84399476594,48.1542868765231,11280
1995-08-31,3117.92852370162,13973.7810394746,485.944847710301,8443.42896668799
1995-09-30,2502.46142854546,17514.8995433886,59.7406285167537,6715.84398600383
1995-10-31,2904.66959606855,14468.4812507009,63.3872046307582,8104.30657274288
1995-11-30,2199.78564330224,13219.8150063495,9.66938491936632,11280
1995-12-31,2293.0554279176,25460.1557562545,1935.67379496555,6737.80960665231
1996-01-31,4955.44196991915,50603.3795248155,10704.2784501795,7872.95442180251
1996-02-29,15180.9337737926,75207.4589075804,54074.3596516416,11493.6309045705
1996-03-31,13225.1519787303,59940.6195462609,10823.4431736315,9919.24374895284
1996-04-30,10585.5947412539,33312.2445067226,7096.0249555549,6472.85111145142
1996-05-31,7831.67662649504,30344.9372822691,26.1475012181641,7466.86615385606
1996-06-30,3091.22766361458,11624.1910847564,62.9086877982998,5444.98519458898
1996-07-31,1847.46949640304,24031.655446971,48.1542868765232,9122.65306799562
1996-08-31,1645.53407220094,17271.193638177,628.048220683239,10301.0933147209
1996-09-30,2209.25095644739,20265.2220551993,59.2749379206279,9185.15218167932
1996-10-31,2713.05067307212,10984.0835408707,12.300642024663,5142.30237039914
1996-11-30,3597.50200625628,14446.7087323195,2.59360041974591,11280
1996-12-31,21558.0863774003,59717.3496425414,21205.453676303,13265.1612903226
1997-01-31,70216.7310714932,77494.5666297103,154931.907463689,14349.8
1997-02-28,28251.1883489486,56103.6654147269,12273.439071204,13051.6413061001
1997-03-31,11678.7439459071,20981.985882806,261.578008809732,8972.8056489625
1997-04-30,6828.49788740785,15360.7816559171,142.141442965567,5011.79193129281
1997-05-31,5887.93219843491,9352.39660739736,73.0245537116904,4052.18534846727
1997-06-30,3503.05084634885,17254.1801718191,66.4806659315683,5497.25434666761
1997-07-31,1674.0171879463,18225.0674382693,48.1542868765232,6080.87074640881
1997-08-31,1834.63957712834,16793.3500784415,164.319021497059,9590.47043305236
1997-09-30,2334.41695554971,14605.9353972737,58.837996152667,6297.33740435503
1997-10-31,2754.49346199248,11363.129128466,48.6312923083708,4086.98688906481
1997-11-30,1706.69433206899,14707.0189208485,93.6386024733977,11280
1997-12-31,1763.23794145843,20054.9846021129,155.165309651533,11602.3123118795
1998-01-31,3983.67304557009,35768.0247452392,30902.1416259432,6804.34923788208
1998-02-28,24677.8413136378,71140.081474836,154718.698775074,14005.1775445255
1998-03-31,18144.2459599164,64926.3767272678,19107.2864946305,6739.83917062983
1998-04-30,16965.4160846729,50529.4399254798,4148.08205290718,7966.05505838842
1998-05-31,17464.7289674105,36788.6109204026,451.922077961304,8750.49464551883
1998-06-30,18275.3725484676,36473.9068126643,815.913531015168,11280
1998-07-31,8855.34026650389,13808.9448390544,48.154286875879,10792.0967741613
1998-08-31,4562.41461733228,16789.9167220758,465.989780241504,10620.133895633
1998-09-30,4714.14056443394,22338.2264490024,51.8871301530507,10785.4727522126
1998-10-31,4086.28143605748,14838.7176936419,42.2257224494341,11280
1998-11-30,3383.14023152905,27374.2265926196,970.874026274393,11280
1998-12-31,4409.08151725255,39428.6188747914,3820.57012079175,8008.52653974998
1999-01-31,8590.16700449023,42665.6815123381,4580.43372832006,9369.32493502718
1999-02-28,15808.746256996,68018.2575289292,39022.1956208966,8775.09220011601
1999-03-31,7381.66748262887,58758.3635152507,7672.41834353643,7346.07671159407
1999-04-30,7639.69743797802,25909.5032225596,2293.44061264071,5084.77385897966
1999-05-31,4092.62208602075,11428.4476143238,65.173678053389,4371.49999448878
1999-06-30,2066.16096075353,14070.2825205818,67.4967862586113,5228.96487647433
1999-07-31,1668.99799910672,24127.9752135125,48.1542868765232,7992.97056366112
1999-08-31,1856.25267771567,16849.9009954125,302.272034528756,10439.7222911567
1999-09-30,2190.64630912078,20306.0404284328,128.232127612365,9967.86595555076
1999-10-31,2621.08466707266,11384.907454023,54.4291246256555,5247.8094469956
1999-11-30,1847.18288585698,14198.6676128686,0,11280
1999-12-31,1481.63130310725,11718.7671356813,0,8216.6966447216
2000-01-31,2821.28009325179,23665.3597634793,652.468176539173,5674.15602064766
2000-02-29,14285.7553716483,64820.1050436078,41015.81854783,13348.3590417595
2000-03-31,11840.2730677551,52113.5044048946,15985.5017771933,9634.72941981068
2000-04-30,8615.51364670743,15183.5376015183,57.8111311681171,5201.87365220263
2000-05-31,4220.34075652997,10625.2999201374,52.2324329678851,4094.2770980265
2000-06-30,2117.27391097648,14714.697767777,65.6711652974065,4420.11323845003
2000-07-31,1526.31739657846,23295.9003057182,48.1542868765232,7076.60146681099
2000-08-31,1769.07239878268,17528.8804782812,54.8862124707162,10163.0831647867
2000-09-30,2394.26361226906,18839.6601252931,55.8886215090737,8869.11565318304
2000-10-31,2801.85002137625,8833.3521995228,2.7956003037285,3548.26025494689
2000-11-30,2176.79473916677,12093.1750115696,196.997893488049,9707.99228488494
2000-12-31,1887.60633273139,9816.19614252649,0,6462.08254750337
2001-01-31,2018.04470339112,16146.2500701959,102.796589216865,6997.15680978376
2001-02-28,2289.96029840749,26085.5728952387,1782.68294549074,6312.43421607852
2001-03-31,3342.19032329445,22432.9212033838,2932.35462017685,5288.34937165601
2001-04-30,2421.3987817936,11723.1856475825,55.5793553926433,2125.70204254594
2001-05-31,1911.02586371265,10380.7938181249,66.9256771912074,3049.91037817955
2001-06-30,1186.98854720293,12797.2221548555,66.6080326054723,1841.99105409542
2001-07-31,953.404847178783,10975.5812644115,48.1542868765231,2271.55557127012
2001-08-31,1116.8037204321,8849.00995387543,54.8862124707162,3006.74099935762
2001-09-30,1615.46169224189,8166.21266829499,54.9054952388675,4944.08523421126
2001-10-31,1813.01544327737,6461.11832814895,52.1440286052036,2964.9749463249
2001-11-30,1621.03812466175,9248.72447268059,4.98429232685293,5441.21518549464
2001-12-31,1789.6728112085,35676.3986327396,4827.40510339932,7109.3848425423
2002-01-31,2165.54067065899,47070.395344391,9881.05919626366,6217.98563901976
2002-02-28,1572.66750486684,21824.0947635019,243.595551420934,5721.13361377786
2002-03-31,1937.76234088739,20029.5424047638,107.105954981567,4582.92006178901
2002-04-30,2253.7984723615,14597.3610202777,418.0485156789,2880.05470552421
2002-05-31,2078.42040987468,10579.8560554263,67.867930689035,3296.25803912861
2002-06-30,1107.83033227589,14749.2363708304,68.4393079026262,4818.30715155534
2002-07-31,993.191784565744,13746.6623673732,48.1542868765232,5020.24160721661
2002-08-31,1208.51696577641,11016.6189319824,54.8862124707162,5335.34303921003
2002-09-30,1629.01815182145,10210.2458566907,113.792202714238,6952.50010021651
2002-10-31,1739.69546682464,7057.67112010651,64.1772655203264,3627.29389623337
2002-11-30,1372.20006643105,8722.3551567447,0,4923.70063271145
2002-12-31,1591.58336599497,40320.6755707166,8351.24112728845,6871.69270498736
2003-01-31,1428.63170053736,56922.1670009913,10812.2125988706,5689.77319143018
2003-02-28,1494.29157847023,26689.2264304458,1485.90522353816,5757.07213837431
2003-03-31,1712.90311820844,26464.0869732745,175.37665881959,4441.81463436061
2003-04-30,3276.9817896662,28205.4965519205,2464.89791555087,3564.10212005691
2003-05-31,2294.01459799432,37656.974089536,1680.76959729287,2823.98144998973
2003-06-30,1204.32582019539,12599.1239096564,66.0815780280594,4648.26434532423
2003-07-31,1157.80876646052,23893.3131888114,47.9493652835726,7876.74454390945
2003-08-31,1353.50614326511,17475.0502016929,41.7713692281418,10441.1735947745
2003-09-30,1655.59318180036,22320.4100273491,59.3094335975081,10525.2714570605
